1407320454993,
1424267907343,m         
1424268900187,m
1424271852023,m
1424293967788,f
1424351654582,m
1424353800703,m
1424354895709,
1424355219280,m
1424382781217,m
1424382871136,m
1424383306875,m
1424383547301,f
1424383761676,f
1424383954269,f
1424384002836,f
1424384061055,
1424384166705,m
1424384202906,m
1424384250792,f
1424384309945,m
1424432737158,m
1424464023575,f
1424464221039,m
1424464704329,
1424464873123,m
1424801799406,
1424893915351,m
1424940697540,
1424962094552,f
1424962433249,
1424972728395,f
1425112403466,f
1425195267565,m
1425195330012,
1425195351037,
1425195381620,
1425197728625,f
1425504986046,
1425761667446,m
1425764966231,m
1425773870572,
1425773904002,m
1425780842708,
1425816222470,m
1425816306330,m
1425992999466,m
1425994344643,m
1425994808492,
1425996084864,m
1425996204819,m
1425997308971,
1425997696664,
1425998029453,m
1425998118270,m
1425998229106,m
1425998763569,
1425999295651,
1425999343004,f
1425999434033,f
1425999688368,m
1426000368320,
1426000976284,f
1426001017420,m
1426001292475,m
1426002078945,m
1426002535607,
1426003450417,m
1426003481395,f
1426003521132,m
1426003792799,m
1426003891882,f
1426003909260,f
1426004930505,
1426004988941,f
1426005041841,f
1426005117234,m
1426005146508,m
1426005520530,m
1426006114177,
1426006518833,m
1426006613547,m
1426006767626,m
1426006811211,f
1426006823461,m
1426007954084,m
1426008080131,m
1426009381888,m
1426009428551,m
1426009858622,m
1426010592033,m
1426012206663,f
1426012282015,
1426012383288,
1426012495292,
1426012985341,
1426013009458,
1426013044632,
1426013590467,
1426014642216,m
1426015164225,m
1426015417606,m
1426015621209,
1426016778904,m
1426016936952,
1426016990188,m
1426017840215,
1426018113648,m
1426018402677,m
1426018457152,m
1426019412983,m
1426019546480,f
1426019565394,m
1426020452482,m
1426020563261,m
1426021612768,m
1426021767542,f
1426022356698,f
1426024673833,
1426025227447,m
1426027531373,m
1426038591309,m
1426040934015,
1426045172052,m
1426048991775,m
1426049631313,m
1426049982118,m
1426054791601,m
1426055084966,f
1426055134857,
1426056132869,m
1426056598788,
1426058703317,m
1426062538677,m
1426064138359,
1426064267576,f
1426066807250,m
1426068397012,f
1426070645677,m
1426073139096,m
1426073473630,m
1426078067152,m
1426080425071,m
1426080604134,
1426080846685,m
1426083748401,m
1426083811678,m
1426088692683,m
1426088736308,m
1426088751029,m
1426091976838,
1426093305514,m
1426098302762,m
1426099223497,m
1426100765938,
1426107821731,f
1426108139240,
1426110879922,
1426111189753,
1426130954039,m
1426146253414,f
1426146868403,m
1426147447698,f
1426147517941,
1426148080990,
1426153420714,
1426164417753,f
1426165499991,m
1426167083019,m
1426169726273,f
1426185837512,
1426197445150,
1426224089583,
1426239972684,
1426251203430,
1426255015642,f
1426261712619,
1426262984774,m
1426274289469,m
1426277524843,f
1426289602766,
1426289875840,
1426333788417,f
1426402879812,m
1426489605764,f
1426491346784,
1426501885060,
1426505169688,f
1426522640470,f
1426523643170,
1426552107678,f
1426584545470,
1426588998902,f
1426604778353,f
1426604907120,f
1426668941856,f
1426698438775,f
1426698576526,f
1426705156731,f
1426705266424,f
1426869954798,
1426929718178,m
1426952969937,
1426972401149,
1426972422374,
1426972435763,
1427048889510,f
1427062775099,m
1427062865716,m
1427123527660,f
1427125816582,
1427130994222,
1427185428836,m
1427198946815,m
1427199407094,
1427199571550,
1427200382946,f
1427200488548,m
1427200947217,m
1427200963692,f
1427200973680,f
1427201150194,
1427201168996,m
1427201178673,
1427201274358,f
1427201753945,m
1427201835082,m
1427201918177,m
1427201961161,m
1427201993247,m
1427202018858,f
1427202038511,m
1427202438047,f
1427202475002,m
1427202478961,m
1427202492245,m
1427202506301,m
1427202522658,m
1427202527429,m
1427202630929,
1427202630932,m
1427202703245,m
1427202710631,m
1427202807063,f
1427202813519,m
1427202836048,
1427202839411,m
1427202863302,m
1427202937501,m
1427202965915,
1427202975894,m
1427203050867,f
1427203080655,m
1427203099871,f
1427203115408,m
1427203118480,m
1427203125426,f
1427203126514,m
1427203151348,m
1427203205711,
1427203207368,m
1427203209050,f
1427203217559,m
1427203275022,
1427203301175,
1427203307403,m
1427203345869,
1427203376984,m
1427203442742,
1427203496833,m
1427203526434,
1427203563985,
1427203569625,f
1427203600343,m
1427203600489,f
1427203630026,
1427203653706,m
1427203659827,m
1427203699200,
1427203701252,m
1427203711445,m
1427203761364,m
1427203776588,m
1427203818126,m
1427203833063,m
1427203969381,m
1427204056660,m
1427204068477,f
1427204179862,m
1427204226948,m
1427204228409,f
1427204245380,
1427204296861,m
1427204301964,m
1427204323505,
1427204345261,
1427204375716,f
1427204422191,
1427204478420,f
1427204504845,m
1427204514005,m
1427204563686,m
1427204631475,
1427204690327,
1427204754397,m
1427204765188,m
1427204832354,m
1427204854792,m
1427204896762,m
1427204931523,m
1427204933036,m
1427205001488,f
1427205010470,m
1427205103535,m
1427205132252,m
1427205197158,m
1427205203745,m
1427205347650,
1427205446261,m
1427205460885,m
1427205478826,
1427205492973,m
1427205495290,m
1427205501536,m
1427205530203,m
1427205599315,m
1427205619421,m
1427205627125,m
1427205628298,m
1427205651969,
1427205664202,m
1427205806394,m
1427205812467,m
1427205975259,
1427205981282,m
1427206011382,
1427206020298,m
1427206082363,m
1427206111759,
1427206126669,m
1427206235476,
1427206305624,
1427206385464,m
1427206421176,f
1427206467671,m
1427206471030,f
1427206503158,m
1427206506769,
1427206532444,
1427206558564,
1427206568623,
1427206574081,
1427206578320,f
1427206587634,
1427206612663,
1427206616759,
1427206627407,
1427206627594,
1427206650149,f
1427206660378,
1427206680995,f
1427206723029,m
1427206801813,
1427206882225,m
1427206891855,f
1427206905823,m
1427206965773,
1427207073193,m
1427207125344,m
1427207218026,m
1427207218470,f
1427207239039,m
1427207241324,m
1427207292754,m
1427207313233,m
1427207328680,m
1427207348322,m
1427207465613,m
1427207472023,m
1427207488971,m
1427207524563,m
1427207639313,m
1427207640919,
1427207735245,
1427207794267,m
1427207839684,m
1427207939446,m
1427207952310,f
1427207953926,m
1427207970242,m
1427208093660,m
1427208160873,m
1427208204234,f
1427208204979,m
1427208255961,m
1427208257235,
1427208303764,m
1427208312871,m
1427208326605,m
1427208356778,m
1427208467904,m
1427208516422,m
1427208517379,m
1427208539011,m
1427208575756,m
1427208601715,m
1427208603655,m
1427208645249,m
1427208658173,m
1427208679352,f
1427208724801,
1427208734544,m
1427208739260,f
1427208741971,m
1427208773378,
1427208784865,m
1427208791544,m
1427208817752,m
1427208858945,
1427208863447,m
1427208869881,f
1427208881021,m
1427208938868,m
1427208945693,f
1427208954762,f
1427209016276,f
1427209046818,m
1427209076232,f
1427209189839,m
1427209275199,f
1427209366232,
1427209448346,m
1427209501389,f
1427209535438,m
1427209604221,m
1427209657984,m
1427209685032,m
1427209761674,
1427209810437,
1427209883647,m
1427209927663,m
1427209998077,
1427210018833,f
1427210026456,m
1427210127709,m
1427210263585,m
1427210366389,m
1427210368903,
1427210386267,m
1427210458395,m
1427210470532,m
1427210484425,m
1427210489088,f
1427210492558,m
1427210609045,
1427210675815,m
1427210837962,
1427210943473,
1427211016322,m
1427211136441,m
1427211175238,m
1427211196427,m
1427211230184,m
1427211326277,f
1427211384551,m
1427211453227,m
1427211509646,
1427211772445,m
1427211891753,
1427211999813,
1427212026217,
1427212039413,m
1427212181583,m
1427212215253,m
1427212317753,m
1427212327383,m
1427212377414,
1427212395914,m
1427212625315,f
1427212712798,m
1427212749999,
1427212764608,
1427212875760,m
1427212896905,f
1427212960570,m
1427213026449,m
1427213093456,m
1427213174918,m
1427213251639,m
1427213569309,m
1427213611521,m
1427213616766,
1427213658303,m
1427213688932,m
1427213726781,f
1427213848634,f
1427213853046,m
1427213909799,m
1427213947981,
1427213963189,
1427213970110,
1427213998610,f
1427214027011,m
1427214042691,
1427214049958,f
1427214052006,f
1427214169043,f
1427214177055,m
1427214216538,m
1427214230504,f
1427214272586,
1427214288174,
1427214319656,m
1427214331894,m
1427214360904,
1427214397141,m
1427214467272,m
1427214492473,
1427214517334,m
1427214545763,
1427214591512,m
1427214598636,m
1427214738831,f
1427214808683,f
1427214950900,m
1427214958129,
1427215084031,m
1427215093483,m
1427215123188,f
1427215189029,m
1427215249536,m
1427215308873,m
1427215355892,
1427215444860,
1427215454763,
1427215457001,
1427215470637,
1427215505110,
1427215506222,
1427215588942,m
1427215632631,
1427215777399,m
1427215798760,
1427215799121,m
1427215973664,
1427215973892,m
1427216040986,m
1427216145318,m
1427216430394,f
1427216534808,
1427216537719,
1427216730236,m
1427216801979,f
1427216920451,
1427216949930,m
1427216995853,
1427217045019,
1427217217838,m
1427217402894,
1427217499616,
1427217590823,
1427217612883,f
1427217621897,m
1427217657014,
1427217657634,f
1427217674258,m
1427217739400,m
1427217789259,f
1427217829678,f
1427218523786,m
1427219139562,
1427219223215,m
1427219260668,
1427219379995,
1427219403947,
1427219702241,f
1427219715976,
1427219938378,m
1427220034015,m
1427220140947,m
1427220175629,m
1427220288817,f
1427220342828,
1427220369388,
1427220509436,m
1427220653517,
1427220753212,
1427220833243,
1427220907403,f
1427220928525,m
1427220941946,
1427220985101,f
1427221006793,m
1427221080826,f
1427221123135,f
1427221132728,f
1427221220841,f
1427221249279,
1427221249858,m
1427221385618,m
1427221409533,
1427221410373,
1427221837531,m
1427221999881,m
1427222023907,
1427222045668,m
1427222098074,m
1427222171045,
1427222460651,m
1427222461972,f
1427222566470,m
1427222687461,
1427222701828,
1427222731297,m
1427222737582,f
1427222805507,m
1427222900763,f
1427222910057,m
1427223070266,m
1427223072336,m
1427223096485,m
1427223178111,
1427223298802,m
1427223466110,m
1427223523650,m
1427224136497,m
1427224163699,m
1427224269261,f
1427224274015,f
1427224399142,m
1427224431274,
1427224434000,
1427224486822,m
1427224527303,m
1427224599165,m
1427224667465,m
1427224974919,f
1427225027679,m
1427225031061,f
1427225058535,
1427225105815,m
1427225222392,
1427225398049,m
1427225927269,m
1427226017931,
1427226117118,m
1427226247658,m
1427226290027,
1427226340387,m
1427226349899,m
1427226354527,
1427226374796,f
1427226422073,m
1427226466155,
1427226468226,f
1427226469239,
1427226794118,m
1427226994995,f
1427227253954,
1427227258891,f
1427227331805,f
1427227531972,m
1427227538288,m
1427227559668,m
1427227728040,m
1427227740652,m
1427227828248,m
1427228083698,f
1427228210479,
1427228239323,
1427228306263,f
1427228308663,m
1427228571270,m
1427228587625,m
1427228588675,m
1427228601620,m
1427228606770,
1427228738289,m
1427228985683,m
1427229008306,
1427229186147,m
1427229348614,f
1427229434395,m
1427229460637,
1427229531299,
1427229623297,
1427229861543,
1427229951336,m
1427229967594,f
1427230025291,m
1427230054491,f
1427230082879,m
1427230106536,f
1427230113886,m
1427230135864,
1427230261276,
1427230451266,m
1427230462520,
1427230662484,
1427230948177,
1427230986061,m
1427231186507,m
1427231298966,
1427231393333,m
1427231394439,m
1427231458358,m
1427231489824,m
1427231567671,m
1427231612352,f
1427231642754,
1427231720980,
1427231769145,
1427232376094,m
1427232485780,
1427232883793,m
1427232962943,m
1427233203086,f
1427233209045,
1427233233815,
1427233242692,m
1427233295920,m
1427233577955,m
1427233683088,m
1427233849575,m
1427234034117,m
1427234062026,
1427234148148,f
1427234194193,
1427234381851,
1427234692530,
1427234738043,
1427234748412,m
1427235004819,
1427235147651,m
1427235200643,m
1427235238193,m
1427235280025,m
1427235318416,m
1427235327334,m
1427235616048,m
1427235802608,f
1427235944753,f
1427236205590,m
1427236247383,m
1427236336553,
1427236585537,
1427236677974,f
1427237592837,m
1427239357009,
1427239899671,
1427240945330,
1427241024094,
1427241406183,f
1427241549964,m
1427244600045,f
1427244687909,f
1427245382023,f
1427245558814,
1427245792408,
1427245956263,m
1427246155502,
1427246253922,
1427246452455,m
1427246535907,m
1427248537605,f
1427248601290,f
1427249044132,m
1427249286382,
1427249298917,m
1427250470320,m
1427252209371,m
1427252284227,m
1427252372216,m
1427252874657,
1427253339130,m
1427254539103,m
1427255907902,m
1427256548447,m
1427256649513,m
1427256651712,m
1427257041696,
1427257102159,m
1427257254612,m
1427257635342,m
1427258004379,m
1427258265957,
1427258557274,m
1427258558750,m
1427258905622,m
1427258976850,
1427258981560,m
1427259073076,m
1427259184195,m
1427259467010,f
1427259537537,
1427259590752,m
1427259934643,m
1427259991448,m
1427259998596,m
1427260739696,m
1427261318709,m
1427261457717,
1427261862324,
1427262033562,
1427262277162,m
1427262429906,m
1427262459510,m
1427262495023,m
1427262616953,
1427262664252,m
1427262910526,
1427263489356,m
1427264081389,m
1427264446397,f
1427264754722,m
1427264770557,m
1427264850132,
1427264890905,f
1427265298440,
1427265442812,m
1427265592716,m
1427265604467,
1427265921566,
1427266074871,m
1427266301866,f
1427266527373,m
1427267012081,m
1427267047693,m
1427267135270,f
1427267149214,m
1427267350319,m
1427267405540,m
1427267554705,m
1427268069336,f
1427268211428,m
1427268250864,m
1427268309419,m
1427268342713,m
1427268383330,
1427268466508,m
1427268739438,
1427268784023,f
1427268847600,m
1427268869896,m
1427268975429,f
1427269141039,m
1427269147301,m
1427269304915,m
1427269600127,m
1427269648020,m
1427269695419,m
1427270030753,m
1427270042107,m
1427270191953,m
1427270419738,
1427270833886,f
1427270875549,f
1427271135535,m
1427271190313,m
1427271628908,m
1427271808990,m
1427272026217,m
1427272171669,
1427272319096,m
1427272456060,m
1427272511721,m
1427272636255,
1427273055993,
1427273218061,
1427273705321,m
1427273960736,
1427274799734,m
1427274972483,m
1427274986106,m
1427275036105,m
1427275063236,m
1427275151340,m
1427275322864,m
1427275356053,m
1427275441905,m
1427275514608,m
1427275564668,m
1427275722784,m
1427276086825,m
1427276248831,f
1427276276548,
1427276863716,
1427276991449,m
1427277040063,f
1427277293844,f
1427277494331,f
1427277813164,
1427277972276,m
1427278104152,
1427278517606,m
1427278630919,m
1427278730394,f
1427278738913,m
1427278766418,m
1427278773900,m
1427278792686,m
1427278930126,
1427279102292,m
1427279136598,m
1427279167956,m
1427279523792,m
1427279831368,
1427280234154,m
1427280814489,
1427281083412,m
1427281330309,
1427282041916,f
1427283190519,
1427283216088,m
1427283511801,
1427283615168,f
1427284476417,
1427284491237,f
1427284511257,
1427284528520,m
1427284621941,m
1427284668193,f
1427284950495,
1427284967589,f
1427285071337,m
1427285178424,f
1427285180949,m
1427285356961,
1427285471940,f
1427285567628,m
1427285679656,
1427285773236,m
1427285832940,f
1427285860808,
1427285932262,m
1427286158429,m
1427286429063,f
1427286657095,m
1427286723696,
1427286742702,f
1427286770127,f
1427287722478,m
1427287792224,m
1427287906369,m
1427288075506,m
1427288330868,m
1427288360888,
1427288410904,f
1427288457922,m
1427288461334,m
1427288854605,m
1427289002880,m
1427289369251,m
1427289676310,m
1427289748678,m
1427289886034,
1427289905671,
1427290062116,f
1427290481749,
1427290782669,m
1427291275563,m
1427291612293,m
1427291719373,
1427292055364,f
1427292285432,
1427293249800,m
1427293592060,m
1427294121951,m
1427294165849,m
1427294341746,m
1427294580811,m
1427294638841,m
1427294792916,m
1427294881790,
1427294959787,
1427295507861,m
1427295992595,m
1427296167708,f
1427296234505,f
1427296565568,
1427297046793,m
1427297904089,m
1427298309315,m
1427298664927,f
1427299029820,
1427299637249,m
1427300278690,
1427300428958,m
1427301095980,m
1427301553397,
1427301698030,
1427301941526,
1427302169818,m
1427302460689,
1427303186653,f
1427304013371,
1427304034731,
1427305563592,
1427306352981,m
1427306446079,m
